{"Train_Epoch_Reward": 13823.4593709762, "Running_Training_Average_Rewards": 879.6771191099215, "train_steps": 42000, "_runtime": 443, "_timestamp": 1618532899, "_step": 20, "Running_Average_Rewards": 1366.435716166885, "Explore_Time": 0.7931299209594727, "Train___Time": 270.6096363067627, "Eval____Time": 0.00500798225402832, "button-press-topdown-v1_success_rate": 0.0, "button-press-topdown-v1_eval_rewards": -48.42325777698301, "door-v1_success_rate": 0.0, "door-v1_eval_rewards": -45.49850228507699, "drawer-close-v1_success_rate": 0.0, "drawer-close-v1_eval_rewards": -18.942024661455285, "drawer-open-v1_success_rate": 0.0, "drawer-open-v1_eval_rewards": -24.729122545735844, "ped-insert-side-v1_success_rate": 0.0, "ped-insert-side-v1_eval_rewards": -21.353206182713198, "pick-place-v1_success_rate": 0.0, "pick-place-v1_eval_rewards": -22.340082391098786, "push-v1_success_rate": 0.0, "push-v1_eval_rewards": -22.68362383298521, "reach-v1_success_rate": 0.0, "reach-v1_eval_rewards": 13922.493350122137, "window-close-v1_success_rate": 0.0, "window-close-v1_eval_rewards": -29.70955741020337, "window-open-v1_success_rate": 0.0, "window-open-v1_eval_rewards": -24.45681136702936, "mean_success_rate": 0.0}