{"Train_Epoch_Reward": 33484.89806141101, "Running_Training_Average_Rewards": 1153.9032553256827, "train_steps": 46000, "custom_step": 46000, "_runtime": 808, "_timestamp": 1618537176, "_step": 502, "Running_Average_Rewards": 1019.1654899646386, "Explore_Time": 0.008624076843261719, "Train___Time": 244.08536195755005, "Eval____Time": 0.004027128219604492, "button-press-topdown-v1_success_rate": 0.0, "button-press-topdown-v1_eval_rewards": -47.569480533869296, "door-v1_success_rate": 0.0, "door-v1_eval_rewards": -52.65315802016542, "drawer-close-v1_success_rate": 0.0, "drawer-close-v1_eval_rewards": -18.356102953328584, "drawer-open-v1_success_rate": 0.0, "drawer-open-v1_eval_rewards": -25.846960471954862, "ped-insert-side-v1_success_rate": 0.0, "ped-insert-side-v1_eval_rewards": -38.29598582871969, "pick-place-v1_success_rate": 0.0, "pick-place-v1_eval_rewards": -62.51663936993338, "push-v1_success_rate": 0.0, "push-v1_eval_rewards": -19.45889855443497, "reach-v1_success_rate": 0.0, "reach-v1_eval_rewards": 10520.08641196414, "window-close-v1_success_rate": 0.0, "window-close-v1_eval_rewards": -39.27653126775515, "window-open-v1_success_rate": 0.0, "window-open-v1_eval_rewards": -24.45775531759237, "mean_success_rate": 0.0, "Reward_Mean_Mean": 9.776429386138917, "Reward_Mean_Std": 0.9499457429009026, "Reward_Mean_Max": 12.76557445526123, "Reward_Mean_Min": 7.747162818908691, "alpha_0_Mean": 0.8681589904427528, "alpha_0_Std": 0.011735350846676287, "alpha_0_Max": 0.8889408111572266, "alpha_0_Min": 0.8470274806022644, "alpha_1_Mean": 0.8612460327148438, "alpha_1_Std": 0.015265187673418631, "alpha_1_Max": 0.8877177238464355, "alpha_1_Min": 0.8353216648101807, "alpha_2_Mean": 0.8630955448746681, "alpha_2_Std": 0.0147137472976439, "alpha_2_Max": 0.8882878422737122, "alpha_2_Min": 0.8377254009246826, "alpha_3_Mean": 0.8605842223763466, "alpha_3_Std": 0.015119987040691936, "alpha_3_Max": 0.8869646191596985, "alpha_3_Min": 0.834938645362854, "alpha_4_Mean": 0.8607991319894791, "alpha_4_Std": 0.015141483393350027, "alpha_4_Max": 0.8871865272521973, "alpha_4_Min": 0.8350734710693359, "alpha_5_Mean": 0.8621443322300911, "alpha_5_Std": 0.015169959943110562, "alpha_5_Max": 0.8881595134735107, "alpha_5_Min": 0.8363304138183594, "alpha_6_Mean": 0.8605663710832596, "alpha_6_Std": 0.015121122063885967, "alpha_6_Max": 0.8869466781616211, "alpha_6_Min": 0.8348795175552368, "alpha_7_Mean": 0.8668084189295768, "alpha_7_Std": 0.013093638057518116, "alpha_7_Max": 0.8889040946960449, "alpha_7_Min": 0.8438685536384583, "alpha_8_Mean": 0.8610248756408692, "alpha_8_Std": 0.015220951891212753, "alpha_8_Max": 0.8875297904014587, "alpha_8_Min": 0.8351799249649048, "alpha_9_Mean": 0.8607150465250015, "alpha_9_Std": 0.015164092658200729, "alpha_9_Max": 0.8871457576751709, "alpha_9_Min": 0.8349607586860657, "Alpha_loss_Mean": -0.9354069036245346, "Alpha_loss_Std": 0.11334023376048745, "Alpha_loss_Max": -0.7405221462249756, "Alpha_loss_Min": -1.1355831623077393, "Training/policy_loss_Mean": -36.03479685783386, "Training/policy_loss_Std": 3.3457363796820023, "Training/policy_loss_Max": -29.865890502929688, "Training/policy_loss_Min": -42.00198745727539, "Training/qf1_loss_Mean": 784.2893388366699, "Training/qf1_loss_Std": 330.564592397812, "Training/qf1_loss_Max": 1825.6204833984375, "Training/qf1_loss_Min": 260.49285888671875, "Training/qf2_loss_Mean": 778.733505783081, "Training/qf2_loss_Std": 331.05196625506085, "Training/qf2_loss_Max": 1849.143310546875, "Training/qf2_loss_Min": 251.3178253173828, "Training/pf_norm_Mean": 1.9477445724606515, "Training/pf_norm_Std": 1.0418997726191486, "Training/pf_norm_Max": 4.771544933319092, "Training/pf_norm_Min": 0.5113580226898193, "Training/qf1_norm_Mean": 439.1914332962036, "Training/qf1_norm_Std": 231.6670144026481, "Training/qf1_norm_Max": 1594.6669921875, "Training/qf1_norm_Min": 102.65479278564453, "Training/qf2_norm_Mean": 441.77462619781494, "Training/qf2_norm_Std": 236.79467077542176, "Training/qf2_norm_Max": 1589.8023681640625, "Training/qf2_norm_Min": 106.3811264038086, "log_std/mean_Mean": -0.3099126420915127, "log_std/mean_Std": 0.06798549624607482, "log_std/mean_Max": -0.18588224053382874, "log_std/mean_Min": -0.4697033762931824, "log_std/std_Mean": 0.3300803142786026, "log_std/std_Std": 0.04764689081424697, "log_std/std_Max": 0.45086950063705444, "log_std/std_Min": 0.23017968237400055, "log_std/max_Mean": 0.024612854218576105, "log_std/max_Std": 0.03458035507246516, "log_std/max_Max": 0.09005095064640045, "log_std/max_Min": -0.0505007728934288, "log_std/min_Mean": -1.5888425928354264, "log_std/min_Std": 0.2862792625517267, "log_std/min_Max": -1.0819891691207886, "log_std/min_Min": -2.1785104274749756, "log_prob_0_Mean": -0.9073250757344067, "log_prob_0_Std": 0.6160117539614474, "log_prob_0_Max": 0.33860069513320923, "log_prob_0_Min": -1.996985673904419, "log_prob_1_Mean": -2.661440018415451, "log_prob_1_Std": 0.08348020130002254, "log_prob_1_Max": -2.3954124450683594, "log_prob_1_Min": -2.7761647701263428, "log_prob_2_Mean": -2.2922494238615037, "log_prob_2_Std": 0.23058313567244298, "log_prob_2_Max": -1.6428248882293701, "log_prob_2_Min": -2.6770777702331543, "log_prob_3_Mean": -2.679742978811264, "log_prob_3_Std": 0.07263136216512217, "log_prob_3_Max": -2.400263786315918, "log_prob_3_Min": -2.8123319149017334, "log_prob_4_Mean": -2.6855864763259887, "log_prob_4_Std": 0.05931254820129803, "log_prob_4_Max": -2.4629030227661133, "log_prob_4_Min": -2.807939052581787, "log_prob_5_Mean": -2.5284818345308304, "log_prob_5_Std": 0.1776746867539328, "log_prob_5_Max": -1.9747828245162964, "log_prob_5_Min": -2.769085168838501, "log_prob_6_Mean": -2.672015174627304, "log_prob_6_Std": 0.0639086021671884, "log_prob_6_Max": -2.406935691833496, "log_prob_6_Min": -2.7948031425476074, "log_prob_7_Mean": -1.353261069059372, "log_prob_7_Std": 0.4161683838303087, "log_prob_7_Max": -0.4988498091697693, "log_prob_7_Min": -2.1674022674560547, "log_prob_8_Mean": -2.6785584235191346, "log_prob_8_Std": 0.06592099552384506, "log_prob_8_Max": -2.3746719360351562, "log_prob_8_Min": -2.808840274810791, "log_prob_9_Mean": -2.687797198295593, "log_prob_9_Std": 0.05959286535885368, "log_prob_9_Max": -2.4686245918273926, "log_prob_9_Min": -2.791745901107788, "log_probs/mean_Mean": -2.3146457517147065, "log_probs/mean_Std": 0.10524185259947418, "log_probs/mean_Max": -2.060842275619507, "log_probs/mean_Min": -2.5593857765197754, "log_probs/std_Mean": 0.9248630836606025, "log_probs/std_Std": 0.14266519695865074, "log_probs/std_Max": 1.2588011026382446, "log_probs/std_Min": 0.6079778671264648, "log_probs/max_Mean": 1.4674490186572076, "log_probs/max_Std": 0.9030071665201477, "log_probs/max_Max": 3.8503172397613525, "log_probs/max_Min": -0.37506037950515747, "log_probs/min_Mean": -6.346849906444549, "log_probs/min_Std": 1.0461313945983206, "log_probs/min_Max": -4.421118259429932, "log_probs/min_Min": -10.31861686706543, "mean/mean_Mean": 0.006911791541788261, "mean/mean_Std": 0.047468526011924236, "mean/mean_Max": 0.09885198622941971, "mean/mean_Min": -0.09810367226600647, "mean/std_Mean": 0.17134142097085714, "mean/std_Std": 0.04540390889617712, "mean/std_Max": 0.29583579301834106, "mean/std_Min": 0.08971024304628372, "mean/max_Mean": 0.42389600589871407, "mean/max_Std": 0.16607250628206582, "mean/max_Max": 0.7485527992248535, "mean/max_Min": 0.08710815012454987, "mean/min_Mean": -0.6389989289268851, "mean/min_Std": 0.2692864016948907, "mean/min_Max": -0.06797850131988525, "mean/min_Min": -1.1120535135269165}